Method,F1,Coverage
Direct Edge,0.2857142857142857,0.13333333333333333
Neighbor,0.2857142857142857,0.13333333333333333
LightRAG,0.7368421052631579,0.4666666666666667
GraphRAG,0.7368421052631579,0.4666666666666667
RQ-RAG,0.7368421052631579,0.4666666666666667
